{"theta0":8008.400720135726,"theta1":-0.02144848806185557}